year,sex,school_id,school_name,graduates
1983,F,9,National University of Singapore,1508.0
1983,MF,9,National University of Singapore,2905.0
1984,F,9,National University of Singapore,1826.0
1984,MF,9,National University of Singapore,3409.0
1985,F,9,National University of Singapore,2117.0
1985,MF,9,National University of Singapore,3454.0
1986,F,9,National University of Singapore,2476.0
1986,MF,9,National University of Singapore,3860.0
1987,F,9,National University of Singapore,2390.0
1987,MF,9,National University of Singapore,3974.0
1988,F,9,National University of Singapore,1993.0
1988,MF,9,National University of Singapore,3624.0
1989,F,9,National University of Singapore,2150.0
1989,MF,9,National University of Singapore,3986.0
1990,F,9,National University of Singapore,2307.0
1990,MF,9,National University of Singapore,4001.0
1991,F,9,National University of Singapore,2584.0
1991,MF,9,National University of Singapore,4440.0
1992,F,9,National University of Singapore,2689.0
1992,MF,9,National University of Singapore,4615.0
1993,F,9,National University of Singapore,2655.0
1993,MF,9,National University of Singapore,4665.0
1994,F,9,National University of Singapore,2621.0
1994,MF,9,National University of Singapore,4802.0
1995,F,9,National University of Singapore,2803.0
1995,MF,9,National University of Singapore,4920.0
1996,F,9,National University of Singapore,2944.0
1996,MF,9,National University of Singapore,5145.0
1997,F,9,National University of Singapore,3021.0
1997,MF,9,National University of Singapore,5493.0
1998,F,9,National University of Singapore,3376.0
1998,MF,9,National University of Singapore,5908.0
1999,F,9,National University of Singapore,3337.0
1999,MF,9,National University of Singapore,5762.0
2000,F,9,National University of Singapore,3270.0
2000,MF,9,National University of Singapore,5631.0
2001,F,9,National University of Singapore,3454.0
2001,MF,9,National University of Singapore,5958.0
2002,F,9,National University of Singapore,3613.0
2002,MF,9,National University of Singapore,6277.0
2003,F,9,National University of Singapore,3238.0
2003,MF,9,National University of Singapore,5960.0
2004,F,9,National University of Singapore,3161.0
2004,MF,9,National University of Singapore,5858.0
2005,F,9,National University of Singapore,3051.0
2005,MF,9,National University of Singapore,5575.0
2006,F,9,National University of Singapore,3055.0
2006,MF,9,National University of Singapore,5621.0
2007,F,9,National University of Singapore,2943.0
2007,MF,9,National University of Singapore,5500.0
2008,F,9,National University of Singapore,2982.0
2008,MF,9,National University of Singapore,5601.0
2009,F,9,National University of Singapore,3012.0
2009,MF,9,National University of Singapore,5779.0
2010,F,9,National University of Singapore,3124.0
2010,MF,9,National University of Singapore,5833.0
2011,F,9,National University of Singapore,3403.0
2011,MF,9,National University of Singapore,6088.0
2012,F,9,National University of Singapore,3149.0
2012,MF,9,National University of Singapore,5969.0
2013,F,9,National University of Singapore,3281.0
2013,MF,9,National University of Singapore,6395.0
2014,F,9,National University of Singapore,3224.0
2014,MF,9,National University of Singapore,6210.0
2015,F,9,National University of Singapore,3192.0
2015,MF,9,National University of Singapore,6179.0
2016,F,9,National University of Singapore,3332.0
2016,MF,9,National University of Singapore,6305.0
2017,F,9,National University of Singapore,3350.0
2017,MF,9,National University of Singapore,6446.0
2018,F,9,National University of Singapore,3606.0
2018,MF,9,National University of Singapore,6700.0
2019,F,9,National University of Singapore,3553.0
2019,MF,9,National University of Singapore,6631.0
2020,F,9,National University of Singapore,3572.0
2020,MF,9,National University of Singapore,6885.0
2021,F,9,National University of Singapore,3356.0
2021,MF,9,National University of Singapore,6874.0
2022,F,9,National University of Singapore,3793.0
2022,MF,9,National University of Singapore,7277.0
2023,F,9,National University of Singapore,4040.0
2023,MF,9,National University of Singapore,7601.0
2024,F,9,National University of Singapore,3548.0
2024,MF,9,National University of Singapore,7337.0
1983,F,7,Nanyang Technological University,0.0
1983,MF,7,Nanyang Technological University,0.0
1984,F,7,Nanyang Technological University,0.0
1984,MF,7,Nanyang Technological University,0.0
1985,F,7,Nanyang Technological University,56.0
1985,MF,7,Nanyang Technological University,557.0
1986,F,7,Nanyang Technological University,64.0
1986,MF,7,Nanyang Technological University,661.0
1987,F,7,Nanyang Technological University,104.0
1987,MF,7,Nanyang Technological University,664.0
1988,F,7,Nanyang Technological University,386.0
1988,MF,7,Nanyang Technological University,1122.0
1989,F,7,Nanyang Technological University,522.0
1989,MF,7,Nanyang Technological University,1316.0
1990,F,7,Nanyang Technological University,510.0
1990,MF,7,Nanyang Technological University,1333.0
1991,F,7,Nanyang Technological University,626.0
1991,MF,7,Nanyang Technological University,1547.0
1992,F,7,Nanyang Technological University,768.0
1992,MF,7,Nanyang Technological University,2016.0
1993,F,7,Nanyang Technological University,1028.0
1993,MF,7,Nanyang Technological University,2583.0
1994,F,7,Nanyang Technological University,1005.0
1994,MF,7,Nanyang Technological University,2713.0
1995,F,7,Nanyang Technological University,1120.0
1995,MF,7,Nanyang Technological University,3007.0
1996,F,7,Nanyang Technological University,1252.0
1996,MF,7,Nanyang Technological University,3073.0
1997,F,7,Nanyang Technological University,1382.0
1997,MF,7,Nanyang Technological University,3186.0
1998,F,7,Nanyang Technological University,1500.0
1998,MF,7,Nanyang Technological University,3423.0
1999,F,7,Nanyang Technological University,1533.0
1999,MF,7,Nanyang Technological University,3593.0
2000,F,7,Nanyang Technological University,1583.0
2000,MF,7,Nanyang Technological University,3613.0
2001,F,7,Nanyang Technological University,1640.0
2001,MF,7,Nanyang Technological University,3628.0
2002,F,7,Nanyang Technological University,1701.0
2002,MF,7,Nanyang Technological University,3646.0
2003,F,7,Nanyang Technological University,1808.0
2003,MF,7,Nanyang Technological University,4042.0
2004,F,7,Nanyang Technological University,1843.0
2004,MF,7,Nanyang Technological University,4067.0
2005,F,7,Nanyang Technological University,1964.0
2005,MF,7,Nanyang Technological University,4048.0
2006,F,7,Nanyang Technological University,1974.0
2006,MF,7,Nanyang Technological University,4241.0
2007,F,7,Nanyang Technological University,2127.0
2007,MF,7,Nanyang Technological University,4845.0
2008,F,7,Nanyang Technological University,2286.0
2008,MF,7,Nanyang Technological University,4808.0
2009,F,7,Nanyang Technological University,2570.0
2009,MF,7,Nanyang Technological University,5058.0
2010,F,7,Nanyang Technological University,2544.0
2010,MF,7,Nanyang Technological University,5412.0
2011,F,7,Nanyang Technological University,2951.0
2011,MF,7,Nanyang Technological University,5733.0
2012,F,7,Nanyang Technological University,2909.0
2012,MF,7,Nanyang Technological University,5807.0
2013,F,7,Nanyang Technological University,3310.0
2013,MF,7,Nanyang Technological University,6476.0
2014,F,7,Nanyang Technological University,2951.0
2014,MF,7,Nanyang Technological University,5993.0
2015,F,7,Nanyang Technological University,2777.0
2015,MF,7,Nanyang Technological University,5756.0
2016,F,7,Nanyang Technological University,3066.0
2016,MF,7,Nanyang Technological University,5856.0
2017,F,7,Nanyang Technological University,3266.0
2017,MF,7,Nanyang Technological University,6174.0
2018,F,7,Nanyang Technological University,2953.0
2018,MF,7,Nanyang Technological University,5990.0
2019,F,7,Nanyang Technological University,2836.0
2019,MF,7,Nanyang Technological University,5997.0
2020,F,7,Nanyang Technological University,2882.0
2020,MF,7,Nanyang Technological University,5840.0
2021,F,7,Nanyang Technological University,2744.0
2021,MF,7,Nanyang Technological University,5691.0
2022,F,7,Nanyang Technological University,2820.0
2022,MF,7,Nanyang Technological University,6020.0
2023,F,7,Nanyang Technological University,3016.0
2023,MF,7,Nanyang Technological University,6041.0
2024,F,7,Nanyang Technological University,2986.0
2024,MF,7,Nanyang Technological University,6132.0
2003,F,13,Singapore Management University,4.0
2003,MF,13,Singapore Management University,8.0
2004,F,13,Singapore Management University,167.0
2004,MF,13,Singapore Management University,240.0
2005,F,13,Singapore Management University,315.0
2005,MF,13,Singapore Management University,408.0
2006,F,13,Singapore Management University,399.0
2006,MF,13,Singapore Management University,565.0
2007,F,13,Singapore Management University,500.0
2007,MF,13,Singapore Management University,826.0
2008,F,13,Singapore Management University,686.0
2008,MF,13,Singapore Management University,1063.0
2009,F,13,Singapore Management University,562.0
2009,MF,13,Singapore Management University,1110.0
2010,F,13,Singapore Management University,546.0
2010,MF,13,Singapore Management University,1206.0
2011,F,13,Singapore Management University,831.0
2011,MF,13,Singapore Management University,1504.0
2012,F,13,Singapore Management University,919.0
2012,MF,13,Singapore Management University,1603.0
2013,F,13,Singapore Management University,834.0
2013,MF,13,Singapore Management University,1659.0
2014,F,13,Singapore Management University,772.0
2014,MF,13,Singapore Management University,1602.0
2015,F,13,Singapore Management University,840.0
2015,MF,13,Singapore Management University,1639.0
2016,F,13,Singapore Management University,1030.0
2016,MF,13,Singapore Management University,1804.0
2017,F,13,Singapore Management University,920.0
2017,MF,13,Singapore Management University,1779.0
2018,F,13,Singapore Management University,903.0
2018,MF,13,Singapore Management University,1887.0
2019,F,13,Singapore Management University,984.0
2019,MF,13,Singapore Management University,1842.0
2020,F,13,Singapore Management University,1023.0
2020,MF,13,Singapore Management University,1883.0
2021,F,13,Singapore Management University,1043.0
2021,MF,13,Singapore Management University,1914.0
2022,F,13,Singapore Management University,1116.0
2022,MF,13,Singapore Management University,1982.0
2023,F,13,Singapore Management University,1317.0
2023,MF,13,Singapore Management University,2257.0
2024,F,13,Singapore Management University,1409.0
2024,MF,13,Singapore Management University,2300.0
2012,F,12,Singapore Institute of Technology,134.0
2012,MF,12,Singapore Institute of Technology,233.0
2013,F,12,Singapore Institute of Technology,559.0
2013,MF,12,Singapore Institute of Technology,958.0
2014,F,12,Singapore Institute of Technology,583.0
2014,MF,12,Singapore Institute of Technology,1236.0
2015,F,12,Singapore Institute of Technology,602.0
2015,MF,12,Singapore Institute of Technology,1364.0
2016,F,12,Singapore Institute of Technology,539.0
2016,MF,12,Singapore Institute of Technology,1285.0
2017,F,12,Singapore Institute of Technology,695.0
2017,MF,12,Singapore Institute of Technology,1494.0
2018,F,12,Singapore Institute of Technology,749.0
2018,MF,12,Singapore Institute of Technology,1744.0
2019,F,12,Singapore Institute of Technology,836.0
2019,MF,12,Singapore Institute of Technology,1759.0
2020,F,12,Singapore Institute of Technology,890.0
2020,MF,12,Singapore Institute of Technology,2172.0
2021,F,12,Singapore Institute of Technology,863.0
2021,MF,12,Singapore Institute of Technology,1991.0
2022,F,12,Singapore Institute of Technology,831.0
2022,MF,12,Singapore Institute of Technology,2185.0
2023,F,12,Singapore Institute of Technology,1026.0
2023,MF,12,Singapore Institute of Technology,2426.0
2024,F,12,Singapore Institute of Technology,1196.0
2024,MF,12,Singapore Institute of Technology,2731.0
2015,F,16,Singapore University of Technology and Design,136.0
2015,MF,16,Singapore University of Technology and Design,298.0
2016,F,16,Singapore University of Technology and Design,93.0
2016,MF,16,Singapore University of Technology and Design,246.0
2017,F,16,Singapore University of Technology and Design,107.0
2017,MF,16,Singapore University of Technology and Design,267.0
2018,F,16,Singapore University of Technology and Design,152.0
2018,MF,16,Singapore University of Technology and Design,334.0
2019,F,16,Singapore University of Technology and Design,167.0
2019,MF,16,Singapore University of Technology and Design,431.0
2020,F,16,Singapore University of Technology and Design,128.0
2020,MF,16,Singapore University of Technology and Design,373.0
2021,F,16,Singapore University of Technology and Design,145.0
2021,MF,16,Singapore University of Technology and Design,449.0
2022,F,16,Singapore University of Technology and Design,155.0
2022,MF,16,Singapore University of Technology and Design,401.0
2023,F,16,Singapore University of Technology and Design,11.0
2023,MF,16,Singapore University of Technology and Design,28.0
2024,F,16,Singapore University of Technology and Design,176.0
2024,MF,16,Singapore University of Technology and Design,439.0
2018,F,15,Singapore University of Social Sciences,112.0
2018,MF,15,Singapore University of Social Sciences,168.0
2019,F,15,Singapore University of Social Sciences,180.0
2019,MF,15,Singapore University of Social Sciences,251.0
2020,F,15,Singapore University of Social Sciences,259.0
2020,MF,15,Singapore University of Social Sciences,381.0
2021,F,15,Singapore University of Social Sciences,374.0
2021,MF,15,Singapore University of Social Sciences,519.0
2022,F,15,Singapore University of Social Sciences,458.0
2022,MF,15,Singapore University of Social Sciences,662.0
2023,F,15,Singapore University of Social Sciences,460.0
2023,MF,15,Singapore University of Social Sciences,809.0
2024,F,15,Singapore University of Social Sciences,543.0
2024,MF,15,Singapore University of Social Sciences,864.0
1983,F,8,National Institute of Education,453.0
1983,MF,8,National Institute of Education,597.0
1984,F,8,National Institute of Education,687.0
1984,MF,8,National Institute of Education,875.0
1985,F,8,National Institute of Education,407.0
1985,MF,8,National Institute of Education,531.0
1986,F,8,National Institute of Education,580.0
1986,MF,8,National Institute of Education,756.0
1987,F,8,National Institute of Education,679.0
1987,MF,8,National Institute of Education,852.0
1988,F,8,National Institute of Education,806.0
1988,MF,8,National Institute of Education,1022.0
1989,F,8,National Institute of Education,621.0
1989,MF,8,National Institute of Education,833.0
1990,F,8,National Institute of Education,694.0
1990,MF,8,National Institute of Education,929.0
1991,F,8,National Institute of Education,760.0
1991,MF,8,National Institute of Education,1026.0
1992,F,8,National Institute of Education,934.0
1992,MF,8,National Institute of Education,1223.0
1993,F,8,National Institute of Education,867.0
1993,MF,8,National Institute of Education,1157.0
1994,F,8,National Institute of Education,942.0
1994,MF,8,National Institute of Education,1266.0
1995,F,8,National Institute of Education,740.0
1995,MF,8,National Institute of Education,1056.0
1996,F,8,National Institute of Education,679.0
1996,MF,8,National Institute of Education,946.0
1997,F,8,National Institute of Education,1148.0
1997,MF,8,National Institute of Education,1597.0
1998,F,8,National Institute of Education,997.0
1998,MF,8,National Institute of Education,1421.0
1999,F,8,National Institute of Education,1175.0
1999,MF,8,National Institute of Education,1653.0
2000,F,8,National Institute of Education,1681.0
2000,MF,8,National Institute of Education,2445.0
2001,F,8,National Institute of Education,1418.0
2001,MF,8,National Institute of Education,2022.0
2002,F,8,National Institute of Education,1570.0
2002,MF,8,National Institute of Education,2186.0
2003,F,8,National Institute of Education,1965.0
2003,MF,8,National Institute of Education,2772.0
2004,F,8,National Institute of Education,1430.0
2004,MF,8,National Institute of Education,1989.0
2005,F,8,National Institute of Education,1341.0
2005,MF,8,National Institute of Education,2020.0
2006,F,8,National Institute of Education,1416.0
2006,MF,8,National Institute of Education,2096.0
2007,F,8,National Institute of Education,1590.0
2007,MF,8,National Institute of Education,2348.0
2008,F,8,National Institute of Education,1486.0
2008,MF,8,National Institute of Education,2188.0
2009,F,8,National Institute of Education,1492.0
2009,MF,8,National Institute of Education,2179.0
2010,F,8,National Institute of Education,1622.0
2010,MF,8,National Institute of Education,2416.0
2011,F,8,National Institute of Education,1626.0
2011,MF,8,National Institute of Education,2415.0
2012,F,8,National Institute of Education,1538.0
2012,MF,8,National Institute of Education,2255.0
2013,F,8,National Institute of Education,1447.0
2013,MF,8,National Institute of Education,2178.0
2014,F,8,National Institute of Education,1125.0
2014,MF,8,National Institute of Education,1732.0
2015,F,8,National Institute of Education,1328.0
2015,MF,8,National Institute of Education,1880.0
2016,F,8,National Institute of Education,1076.0
2016,MF,8,National Institute of Education,1628.0
2017,F,8,National Institute of Education,899.0
2017,MF,8,National Institute of Education,1292.0
2018,F,8,National Institute of Education,843.0
2018,MF,8,National Institute of Education,1153.0
2019,F,8,National Institute of Education,939.0
2019,MF,8,National Institute of Education,1339.0
2020,F,8,National Institute of Education,1000.0
2020,MF,8,National Institute of Education,1390.0
2021,F,8,National Institute of Education,950.0
2021,MF,8,National Institute of Education,1327.0
2022,F,8,National Institute of Education,817.0
2022,MF,8,National Institute of Education,1192.0
2023,F,8,National Institute of Education,960.0
2023,MF,8,National Institute of Education,1374.0
2024,F,8,National Institute of Education,842.0
2024,MF,8,National Institute of Education,1184.0
1983,F,14,Singapore Polytechnic,316.0
1983,MF,14,Singapore Polytechnic,1624.0
1984,F,14,Singapore Polytechnic,371.0
1984,MF,14,Singapore Polytechnic,1773.0
1985,F,14,Singapore Polytechnic,410.0
1985,MF,14,Singapore Polytechnic,1862.0
1986,F,14,Singapore Polytechnic,494.0
1986,MF,14,Singapore Polytechnic,2258.0
1987,F,14,Singapore Polytechnic,677.0
1987,MF,14,Singapore Polytechnic,2540.0
1988,F,14,Singapore Polytechnic,674.0
1988,MF,14,Singapore Polytechnic,2645.0
1989,F,14,Singapore Polytechnic,702.0
1989,MF,14,Singapore Polytechnic,2594.0
1990,F,14,Singapore Polytechnic,1011.0
1990,MF,14,Singapore Polytechnic,3112.0
1991,F,14,Singapore Polytechnic,1030.0
1991,MF,14,Singapore Polytechnic,3103.0
1992,F,14,Singapore Polytechnic,1261.0
1992,MF,14,Singapore Polytechnic,3502.0
1993,F,14,Singapore Polytechnic,1472.0
1993,MF,14,Singapore Polytechnic,3978.0
1994,F,14,Singapore Polytechnic,1664.0
1994,MF,14,Singapore Polytechnic,4241.0
1995,F,14,Singapore Polytechnic,1762.0
1995,MF,14,Singapore Polytechnic,4251.0
1996,F,14,Singapore Polytechnic,1615.0
1996,MF,14,Singapore Polytechnic,4121.0
1997,F,14,Singapore Polytechnic,1671.0
1997,MF,14,Singapore Polytechnic,4233.0
1998,F,14,Singapore Polytechnic,1510.0
1998,MF,14,Singapore Polytechnic,4001.0
1999,F,14,Singapore Polytechnic,1552.0
1999,MF,14,Singapore Polytechnic,4016.0
2000,F,14,Singapore Polytechnic,1619.0
2000,MF,14,Singapore Polytechnic,3974.0
2001,F,14,Singapore Polytechnic,1683.0
2001,MF,14,Singapore Polytechnic,3958.0
2002,F,14,Singapore Polytechnic,1604.0
2002,MF,14,Singapore Polytechnic,3955.0
2003,F,14,Singapore Polytechnic,1653.0
2003,MF,14,Singapore Polytechnic,3981.0
2004,F,14,Singapore Polytechnic,1871.0
2004,MF,14,Singapore Polytechnic,4504.0
2005,F,14,Singapore Polytechnic,1821.0
2005,MF,14,Singapore Polytechnic,4537.0
2006,F,14,Singapore Polytechnic,1574.0
2006,MF,14,Singapore Polytechnic,4103.0
2007,F,14,Singapore Polytechnic,1532.0
2007,MF,14,Singapore Polytechnic,3953.0
2008,F,14,Singapore Polytechnic,1644.0
2008,MF,14,Singapore Polytechnic,4250.0
2009,F,14,Singapore Polytechnic,1610.0
2009,MF,14,Singapore Polytechnic,4334.0
2010,F,14,Singapore Polytechnic,1700.0
2010,MF,14,Singapore Polytechnic,4627.0
2011,F,14,Singapore Polytechnic,1982.0
2011,MF,14,Singapore Polytechnic,4921.0
2012,F,14,Singapore Polytechnic,2060.0
2012,MF,14,Singapore Polytechnic,5016.0
2013,F,14,Singapore Polytechnic,2141.0
2013,MF,14,Singapore Polytechnic,5082.0
2014,F,14,Singapore Polytechnic,1995.0
2014,MF,14,Singapore Polytechnic,5026.0
2015,F,14,Singapore Polytechnic,1988.0
2015,MF,14,Singapore Polytechnic,5057.0
2016,F,14,Singapore Polytechnic,1984.0
2016,MF,14,Singapore Polytechnic,5007.0
2017,F,14,Singapore Polytechnic,2000.0
2017,MF,14,Singapore Polytechnic,4924.0
2018,F,14,Singapore Polytechnic,1809.0
2018,MF,14,Singapore Polytechnic,4380.0
2019,F,14,Singapore Polytechnic,1724.0
2019,MF,14,Singapore Polytechnic,4389.0
2020,F,14,Singapore Polytechnic,1853.0
2020,MF,14,Singapore Polytechnic,4619.0
2021,F,14,Singapore Polytechnic,1758.0
2021,MF,14,Singapore Polytechnic,4484.0
2022,F,14,Singapore Polytechnic,1699.0
2022,MF,14,Singapore Polytechnic,4300.0
2023,F,14,Singapore Polytechnic,1554.0
2023,MF,14,Singapore Polytechnic,3884.0
2024,F,14,Singapore Polytechnic,1473.0
2024,MF,14,Singapore Polytechnic,3814.0
1983,F,10,Ngee Ann Polytechnic,343.0
1983,MF,10,Ngee Ann Polytechnic,928.0
1984,F,10,Ngee Ann Polytechnic,456.0
1984,MF,10,Ngee Ann Polytechnic,1293.0
1985,F,10,Ngee Ann Polytechnic,589.0
1985,MF,10,Ngee Ann Polytechnic,1543.0
1986,F,10,Ngee Ann Polytechnic,765.0
1986,MF,10,Ngee Ann Polytechnic,1931.0
1987,F,10,Ngee Ann Polytechnic,944.0
1987,MF,10,Ngee Ann Polytechnic,2710.0
1988,F,10,Ngee Ann Polytechnic,1181.0
1988,MF,10,Ngee Ann Polytechnic,3059.0
1989,F,10,Ngee Ann Polytechnic,1082.0
1989,MF,10,Ngee Ann Polytechnic,2941.0
1990,F,10,Ngee Ann Polytechnic,1233.0
1990,MF,10,Ngee Ann Polytechnic,3087.0
1991,F,10,Ngee Ann Polytechnic,1307.0
1991,MF,10,Ngee Ann Polytechnic,3210.0
1992,F,10,Ngee Ann Polytechnic,1660.0
1992,MF,10,Ngee Ann Polytechnic,3765.0
1993,F,10,Ngee Ann Polytechnic,1757.0
1993,MF,10,Ngee Ann Polytechnic,3992.0
1994,F,10,Ngee Ann Polytechnic,1818.0
1994,MF,10,Ngee Ann Polytechnic,4004.0
1995,F,10,Ngee Ann Polytechnic,1750.0
1995,MF,10,Ngee Ann Polytechnic,4075.0
1996,F,10,Ngee Ann Polytechnic,1645.0
1996,MF,10,Ngee Ann Polytechnic,3855.0
1997,F,10,Ngee Ann Polytechnic,1869.0
1997,MF,10,Ngee Ann Polytechnic,4073.0
1998,F,10,Ngee Ann Polytechnic,1861.0
1998,MF,10,Ngee Ann Polytechnic,4363.0
1999,F,10,Ngee Ann Polytechnic,1915.0
1999,MF,10,Ngee Ann Polytechnic,4337.0
2000,F,10,Ngee Ann Polytechnic,1844.0
2000,MF,10,Ngee Ann Polytechnic,4187.0
2001,F,10,Ngee Ann Polytechnic,1823.0
2001,MF,10,Ngee Ann Polytechnic,4257.0
2002,F,10,Ngee Ann Polytechnic,2069.0
2002,MF,10,Ngee Ann Polytechnic,4399.0
2003,F,10,Ngee Ann Polytechnic,2056.0
2003,MF,10,Ngee Ann Polytechnic,4210.0
2004,F,10,Ngee Ann Polytechnic,2069.0
2004,MF,10,Ngee Ann Polytechnic,4289.0
2005,F,10,Ngee Ann Polytechnic,2068.0
2005,MF,10,Ngee Ann Polytechnic,4143.0
2006,F,10,Ngee Ann Polytechnic,1990.0
2006,MF,10,Ngee Ann Polytechnic,4084.0
2007,F,10,Ngee Ann Polytechnic,1911.0
2007,MF,10,Ngee Ann Polytechnic,4013.0
2008,F,10,Ngee Ann Polytechnic,2247.0
2008,MF,10,Ngee Ann Polytechnic,4504.0
2009,F,10,Ngee Ann Polytechnic,2186.0
2009,MF,10,Ngee Ann Polytechnic,4581.0
2010,F,10,Ngee Ann Polytechnic,2237.0
2010,MF,10,Ngee Ann Polytechnic,4534.0
2011,F,10,Ngee Ann Polytechnic,2437.0
2011,MF,10,Ngee Ann Polytechnic,4857.0
2012,F,10,Ngee Ann Polytechnic,2432.0
2012,MF,10,Ngee Ann Polytechnic,4955.0
2013,F,10,Ngee Ann Polytechnic,2420.0
2013,MF,10,Ngee Ann Polytechnic,4983.0
2014,F,10,Ngee Ann Polytechnic,2513.0
2014,MF,10,Ngee Ann Polytechnic,5166.0
2015,F,10,Ngee Ann Polytechnic,2568.0
2015,MF,10,Ngee Ann Polytechnic,5182.0
2016,F,10,Ngee Ann Polytechnic,2512.0
2016,MF,10,Ngee Ann Polytechnic,5258.0
2017,F,10,Ngee Ann Polytechnic,2400.0
2017,MF,10,Ngee Ann Polytechnic,4886.0
2018,F,10,Ngee Ann Polytechnic,2314.0
2018,MF,10,Ngee Ann Polytechnic,4687.0
2019,F,10,Ngee Ann Polytechnic,2265.0
2019,MF,10,Ngee Ann Polytechnic,4484.0
2020,F,10,Ngee Ann Polytechnic,2445.0
2020,MF,10,Ngee Ann Polytechnic,4583.0
2021,F,10,Ngee Ann Polytechnic,2460.0
2021,MF,10,Ngee Ann Polytechnic,4591.0
2022,F,10,Ngee Ann Polytechnic,2316.0
2022,MF,10,Ngee Ann Polytechnic,4362.0
2023,F,10,Ngee Ann Polytechnic,2276.0
2023,MF,10,Ngee Ann Polytechnic,4106.0
2024,F,10,Ngee Ann Polytechnic,2119.0
2024,MF,10,Ngee Ann Polytechnic,3812.0
1991,F,17,Temasek Polytechnic,54.0
1991,MF,17,Temasek Polytechnic,89.0
1992,F,17,Temasek Polytechnic,55.0
1992,MF,17,Temasek Polytechnic,87.0
1993,F,17,Temasek Polytechnic,444.0
1993,MF,17,Temasek Polytechnic,588.0
1994,F,17,Temasek Polytechnic,501.0
1994,MF,17,Temasek Polytechnic,796.0
1995,F,17,Temasek Polytechnic,538.0
1995,MF,17,Temasek Polytechnic,866.0
1996,F,17,Temasek Polytechnic,685.0
1996,MF,17,Temasek Polytechnic,1214.0
1997,F,17,Temasek Polytechnic,741.0
1997,MF,17,Temasek Polytechnic,1320.0
1998,F,17,Temasek Polytechnic,1290.0
1998,MF,17,Temasek Polytechnic,2208.0
1999,F,17,Temasek Polytechnic,1535.0
1999,MF,17,Temasek Polytechnic,2907.0
2000,F,17,Temasek Polytechnic,1776.0
2000,MF,17,Temasek Polytechnic,3336.0
2001,F,17,Temasek Polytechnic,1924.0
2001,MF,17,Temasek Polytechnic,3543.0
2002,F,17,Temasek Polytechnic,1930.0
2002,MF,17,Temasek Polytechnic,3690.0
2003,F,17,Temasek Polytechnic,1971.0
2003,MF,17,Temasek Polytechnic,3837.0
2004,F,17,Temasek Polytechnic,2072.0
2004,MF,17,Temasek Polytechnic,4102.0
2005,F,17,Temasek Polytechnic,1921.0
2005,MF,17,Temasek Polytechnic,3633.0
2006,F,17,Temasek Polytechnic,1860.0
2006,MF,17,Temasek Polytechnic,3718.0
2007,F,17,Temasek Polytechnic,2003.0
2007,MF,17,Temasek Polytechnic,3928.0
2008,F,17,Temasek Polytechnic,2399.0
2008,MF,17,Temasek Polytechnic,4565.0
2009,F,17,Temasek Polytechnic,2396.0
2009,MF,17,Temasek Polytechnic,4815.0
2010,F,17,Temasek Polytechnic,2429.0
2010,MF,17,Temasek Polytechnic,4848.0
2011,F,17,Temasek Polytechnic,2429.0
2011,MF,17,Temasek Polytechnic,5020.0
2012,F,17,Temasek Polytechnic,2545.0
2012,MF,17,Temasek Polytechnic,5133.0
2013,F,17,Temasek Polytechnic,2447.0
2013,MF,17,Temasek Polytechnic,4886.0
2014,F,17,Temasek Polytechnic,2559.0
2014,MF,17,Temasek Polytechnic,5116.0
2015,F,17,Temasek Polytechnic,2529.0
2015,MF,17,Temasek Polytechnic,5119.0
2016,F,17,Temasek Polytechnic,2495.0
2016,MF,17,Temasek Polytechnic,5064.0
2017,F,17,Temasek Polytechnic,2516.0
2017,MF,17,Temasek Polytechnic,5012.0
2018,F,17,Temasek Polytechnic,2290.0
2018,MF,17,Temasek Polytechnic,4556.0
2019,F,17,Temasek Polytechnic,2029.0
2019,MF,17,Temasek Polytechnic,4305.0
2020,F,17,Temasek Polytechnic,2190.0
2020,MF,17,Temasek Polytechnic,4610.0
2021,F,17,Temasek Polytechnic,2206.0
2021,MF,17,Temasek Polytechnic,4543.0
2022,F,17,Temasek Polytechnic,2134.0
2022,MF,17,Temasek Polytechnic,4382.0
2023,F,17,Temasek Polytechnic,1849.0
2023,MF,17,Temasek Polytechnic,4008.0
2024,F,17,Temasek Polytechnic,1812.0
2024,MF,17,Temasek Polytechnic,3880.0
1994,F,6,Nanyang Polytechnic,103.0
1994,MF,6,Nanyang Polytechnic,515.0
1995,F,6,Nanyang Polytechnic,591.0
1995,MF,6,Nanyang Polytechnic,966.0
1996,F,6,Nanyang Polytechnic,1077.0
1996,MF,6,Nanyang Polytechnic,1981.0
1997,F,6,Nanyang Polytechnic,1266.0
1997,MF,6,Nanyang Polytechnic,2222.0
1998,F,6,Nanyang Polytechnic,1297.0
1998,MF,6,Nanyang Polytechnic,2235.0
1999,F,6,Nanyang Polytechnic,1355.0
1999,MF,6,Nanyang Polytechnic,2416.0
2000,F,6,Nanyang Polytechnic,1471.0
2000,MF,6,Nanyang Polytechnic,2562.0
2001,F,6,Nanyang Polytechnic,1811.0
2001,MF,6,Nanyang Polytechnic,3178.0
2002,F,6,Nanyang Polytechnic,1874.0
2002,MF,6,Nanyang Polytechnic,3537.0
2003,F,6,Nanyang Polytechnic,1775.0
2003,MF,6,Nanyang Polytechnic,3376.0
2004,F,6,Nanyang Polytechnic,2104.0
2004,MF,6,Nanyang Polytechnic,3939.0
2005,F,6,Nanyang Polytechnic,2303.0
2005,MF,6,Nanyang Polytechnic,4202.0
2006,F,6,Nanyang Polytechnic,2385.0
2006,MF,6,Nanyang Polytechnic,4114.0
2007,F,6,Nanyang Polytechnic,2645.0
2007,MF,6,Nanyang Polytechnic,4591.0
2008,F,6,Nanyang Polytechnic,2391.0
2008,MF,6,Nanyang Polytechnic,4447.0
2009,F,6,Nanyang Polytechnic,2279.0
2009,MF,6,Nanyang Polytechnic,4388.0
2010,F,6,Nanyang Polytechnic,2502.0
2010,MF,6,Nanyang Polytechnic,4483.0
2011,F,6,Nanyang Polytechnic,2536.0
2011,MF,6,Nanyang Polytechnic,4829.0
2012,F,6,Nanyang Polytechnic,2644.0
2012,MF,6,Nanyang Polytechnic,4965.0
2013,F,6,Nanyang Polytechnic,2729.0
2013,MF,6,Nanyang Polytechnic,5146.0
2014,F,6,Nanyang Polytechnic,2603.0
2014,MF,6,Nanyang Polytechnic,4983.0
2015,F,6,Nanyang Polytechnic,2400.0
2015,MF,6,Nanyang Polytechnic,4642.0
2016,F,6,Nanyang Polytechnic,2727.0
2016,MF,6,Nanyang Polytechnic,5161.0
2017,F,6,Nanyang Polytechnic,2605.0
2017,MF,6,Nanyang Polytechnic,4999.0
2018,F,6,Nanyang Polytechnic,2414.0
2018,MF,6,Nanyang Polytechnic,4584.0
2019,F,6,Nanyang Polytechnic,2256.0
2019,MF,6,Nanyang Polytechnic,4288.0
2020,F,6,Nanyang Polytechnic,2224.0
2020,MF,6,Nanyang Polytechnic,4434.0
2021,F,6,Nanyang Polytechnic,2352.0
2021,MF,6,Nanyang Polytechnic,4689.0
2022,F,6,Nanyang Polytechnic,2155.0
2022,MF,6,Nanyang Polytechnic,4201.0
2023,F,6,Nanyang Polytechnic,2077.0
2023,MF,6,Nanyang Polytechnic,3938.0
2024,F,6,Nanyang Polytechnic,1972.0
2024,MF,6,Nanyang Polytechnic,3911.0
2006,F,11,Republic Polytechnic,291.0
2006,MF,11,Republic Polytechnic,619.0
2007,F,11,Republic Polytechnic,435.0
2007,MF,11,Republic Polytechnic,928.0
2008,F,11,Republic Polytechnic,815.0
2008,MF,11,Republic Polytechnic,1551.0
2009,F,11,Republic Polytechnic,1119.0
2009,MF,11,Republic Polytechnic,2106.0
2010,F,11,Republic Polytechnic,1594.0
2010,MF,11,Republic Polytechnic,2953.0
2011,F,11,Republic Polytechnic,1722.0
2011,MF,11,Republic Polytechnic,3291.0
2012,F,11,Republic Polytechnic,2083.0
2012,MF,11,Republic Polytechnic,3930.0
2013,F,11,Republic Polytechnic,2123.0
2013,MF,11,Republic Polytechnic,4060.0
2014,F,11,Republic Polytechnic,2342.0
2014,MF,11,Republic Polytechnic,4430.0
2015,F,11,Republic Polytechnic,2496.0
2015,MF,11,Republic Polytechnic,4631.0
2016,F,11,Republic Polytechnic,2493.0
2016,MF,11,Republic Polytechnic,4614.0
2017,F,11,Republic Polytechnic,2407.0
2017,MF,11,Republic Polytechnic,4389.0
2018,F,11,Republic Polytechnic,2348.0
2018,MF,11,Republic Polytechnic,4407.0
2019,F,11,Republic Polytechnic,2162.0
2019,MF,11,Republic Polytechnic,4066.0
2020,F,11,Republic Polytechnic,2091.0
2020,MF,11,Republic Polytechnic,4014.0
2021,F,11,Republic Polytechnic,2107.0
2021,MF,11,Republic Polytechnic,4138.0
2022,F,11,Republic Polytechnic,1818.0
2022,MF,11,Republic Polytechnic,3519.0
2023,F,11,Republic Polytechnic,1815.0
2023,MF,11,Republic Polytechnic,3689.0
2024,F,11,Republic Polytechnic,1707.0
2024,MF,11,Republic Polytechnic,3486.0
2005,F,3,LASALLE College of the Arts (Diploma),213.0
2005,MF,3,LASALLE College of the Arts (Diploma),369.0
2006,F,3,LASALLE College of the Arts (Diploma),227.0
2006,MF,3,LASALLE College of the Arts (Diploma),370.0
2007,F,3,LASALLE College of the Arts (Diploma),268.0
2007,MF,3,LASALLE College of the Arts (Diploma),438.0
2008,F,3,LASALLE College of the Arts (Diploma),296.0
2008,MF,3,LASALLE College of the Arts (Diploma),481.0
2009,F,3,LASALLE College of the Arts (Diploma),351.0
2009,MF,3,LASALLE College of the Arts (Diploma),566.0
2010,F,3,LASALLE College of the Arts (Diploma),371.0
2010,MF,3,LASALLE College of the Arts (Diploma),578.0
2011,F,3,LASALLE College of the Arts (Diploma),333.0
2011,MF,3,LASALLE College of the Arts (Diploma),499.0
2012,F,3,LASALLE College of the Arts (Diploma),316.0
2012,MF,3,LASALLE College of the Arts (Diploma),511.0
2013,F,3,LASALLE College of the Arts (Diploma),282.0
2013,MF,3,LASALLE College of the Arts (Diploma),406.0
2014,F,3,LASALLE College of the Arts (Diploma),222.0
2014,MF,3,LASALLE College of the Arts (Diploma),371.0
2015,F,3,LASALLE College of the Arts (Diploma),218.0
2015,MF,3,LASALLE College of the Arts (Diploma),346.0
2016,F,3,LASALLE College of the Arts (Diploma),226.0
2016,MF,3,LASALLE College of the Arts (Diploma),331.0
2017,F,3,LASALLE College of the Arts (Diploma),237.0
2017,MF,3,LASALLE College of the Arts (Diploma),331.0
2018,F,3,LASALLE College of the Arts (Diploma),216.0
2018,MF,3,LASALLE College of the Arts (Diploma),333.0
2019,F,3,LASALLE College of the Arts (Diploma),205.0
2019,MF,3,LASALLE College of the Arts (Diploma),331.0
2020,F,3,LASALLE College of the Arts (Diploma),264.0
2020,MF,3,LASALLE College of the Arts (Diploma),398.0
2021,F,3,LASALLE College of the Arts (Diploma),245.0
2021,MF,3,LASALLE College of the Arts (Diploma),366.0
2022,F,3,LASALLE College of the Arts (Diploma),237.0
2022,MF,3,LASALLE College of the Arts (Diploma),352.0
2023,F,3,LASALLE College of the Arts (Diploma),256.0
2023,MF,3,LASALLE College of the Arts (Diploma),385.0
2024,F,3,LASALLE College of the Arts (Diploma),231.0
2024,MF,3,LASALLE College of the Arts (Diploma),362.0
2013,F,2,LASALLE College of the Arts (Degree),291.0
2013,MF,2,LASALLE College of the Arts (Degree),435.0
2014,F,2,LASALLE College of the Arts (Degree),397.0
2014,MF,2,LASALLE College of the Arts (Degree),520.0
2015,F,2,LASALLE College of the Arts (Degree),260.0
2015,MF,2,LASALLE College of the Arts (Degree),363.0
2016,F,2,LASALLE College of the Arts (Degree),286.0
2016,MF,2,LASALLE College of the Arts (Degree),407.0
2017,F,2,LASALLE College of the Arts (Degree),318.0
2017,MF,2,LASALLE College of the Arts (Degree),466.0
2018,F,2,LASALLE College of the Arts (Degree),319.0
2018,MF,2,LASALLE College of the Arts (Degree),429.0
2019,F,2,LASALLE College of the Arts (Degree),356.0
2019,MF,2,LASALLE College of the Arts (Degree),487.0
2020,F,2,LASALLE College of the Arts (Degree),330.0
2020,MF,2,LASALLE College of the Arts (Degree),456.0
2021,F,2,LASALLE College of the Arts (Degree),300.0
2021,MF,2,LASALLE College of the Arts (Degree),402.0
2022,F,2,LASALLE College of the Arts (Degree),292.0
2022,MF,2,LASALLE College of the Arts (Degree),396.0
2023,F,2,LASALLE College of the Arts (Degree),277.0
2023,MF,2,LASALLE College of the Arts (Degree),378.0
2024,F,2,LASALLE College of the Arts (Degree),295.0
2024,MF,2,LASALLE College of the Arts (Degree),388.0
2005,F,5,Nanyang Academy of Fine Arts (Diploma),200.0
2005,MF,5,Nanyang Academy of Fine Arts (Diploma),345.0
2006,F,5,Nanyang Academy of Fine Arts (Diploma),295.0
2006,MF,5,Nanyang Academy of Fine Arts (Diploma),464.0
2007,F,5,Nanyang Academy of Fine Arts (Diploma),293.0
2007,MF,5,Nanyang Academy of Fine Arts (Diploma),441.0
2008,F,5,Nanyang Academy of Fine Arts (Diploma),409.0
2008,MF,5,Nanyang Academy of Fine Arts (Diploma),610.0
2009,F,5,Nanyang Academy of Fine Arts (Diploma),389.0
2009,MF,5,Nanyang Academy of Fine Arts (Diploma),559.0
2010,F,5,Nanyang Academy of Fine Arts (Diploma),365.0
2010,MF,5,Nanyang Academy of Fine Arts (Diploma),518.0
2011,F,5,Nanyang Academy of Fine Arts (Diploma),409.0
2011,MF,5,Nanyang Academy of Fine Arts (Diploma),583.0
2012,F,5,Nanyang Academy of Fine Arts (Diploma),390.0
2012,MF,5,Nanyang Academy of Fine Arts (Diploma),564.0
2013,F,5,Nanyang Academy of Fine Arts (Diploma),458.0
2013,MF,5,Nanyang Academy of Fine Arts (Diploma),674.0
2014,F,5,Nanyang Academy of Fine Arts (Diploma),439.0
2014,MF,5,Nanyang Academy of Fine Arts (Diploma),633.0
2015,F,5,Nanyang Academy of Fine Arts (Diploma),436.0
2015,MF,5,Nanyang Academy of Fine Arts (Diploma),617.0
2016,F,5,Nanyang Academy of Fine Arts (Diploma),365.0
2016,MF,5,Nanyang Academy of Fine Arts (Diploma),527.0
2017,F,5,Nanyang Academy of Fine Arts (Diploma),447.0
2017,MF,5,Nanyang Academy of Fine Arts (Diploma),591.0
2018,F,5,Nanyang Academy of Fine Arts (Diploma),488.0
2018,MF,5,Nanyang Academy of Fine Arts (Diploma),668.0
2019,F,5,Nanyang Academy of Fine Arts (Diploma),547.0
2019,MF,5,Nanyang Academy of Fine Arts (Diploma),735.0
2020,F,5,Nanyang Academy of Fine Arts (Diploma),505.0
2020,MF,5,Nanyang Academy of Fine Arts (Diploma),694.0
2021,F,5,Nanyang Academy of Fine Arts (Diploma),506.0
2021,MF,5,Nanyang Academy of Fine Arts (Diploma),706.0
2022,F,5,Nanyang Academy of Fine Arts (Diploma),455.0
2022,MF,5,Nanyang Academy of Fine Arts (Diploma),623.0
2023,F,5,Nanyang Academy of Fine Arts (Diploma),450.0
2023,MF,5,Nanyang Academy of Fine Arts (Diploma),606.0
2024,F,5,Nanyang Academy of Fine Arts (Diploma),422.0
2024,MF,5,Nanyang Academy of Fine Arts (Diploma),579.0
2013,F,4,Nanyang Academy of Fine Arts (Degree),9.0
2013,MF,4,Nanyang Academy of Fine Arts (Degree),18.0
2014,F,4,Nanyang Academy of Fine Arts (Degree),13.0
2014,MF,4,Nanyang Academy of Fine Arts (Degree),25.0
2015,F,4,Nanyang Academy of Fine Arts (Degree),11.0
2015,MF,4,Nanyang Academy of Fine Arts (Degree),24.0
2016,F,4,Nanyang Academy of Fine Arts (Degree),18.0
2016,MF,4,Nanyang Academy of Fine Arts (Degree),25.0
2017,F,4,Nanyang Academy of Fine Arts (Degree),22.0
2017,MF,4,Nanyang Academy of Fine Arts (Degree),34.0
2018,F,4,Nanyang Academy of Fine Arts (Degree),10.0
2018,MF,4,Nanyang Academy of Fine Arts (Degree),15.0
2019,F,4,Nanyang Academy of Fine Arts (Degree),14.0
2019,MF,4,Nanyang Academy of Fine Arts (Degree),19.0
2020,F,4,Nanyang Academy of Fine Arts (Degree),12.0
2020,MF,4,Nanyang Academy of Fine Arts (Degree),22.0
2021,F,4,Nanyang Academy of Fine Arts (Degree),18.0
2021,MF,4,Nanyang Academy of Fine Arts (Degree),28.0
2022,F,4,Nanyang Academy of Fine Arts (Degree),12.0
2022,MF,4,Nanyang Academy of Fine Arts (Degree),19.0
2023,F,4,Nanyang Academy of Fine Arts (Degree),106.0
2023,MF,4,Nanyang Academy of Fine Arts (Degree),145.0
2024,F,4,Nanyang Academy of Fine Arts (Degree),154.0
2024,MF,4,Nanyang Academy of Fine Arts (Degree),198.0
1983,F,1,Institute of Technical Education,905.0
1983,MF,1,Institute of Technical Education,6779.0
1984,F,1,Institute of Technical Education,1785.0
1984,MF,1,Institute of Technical Education,6281.0
1985,F,1,Institute of Technical Education,2300.0
1985,MF,1,Institute of Technical Education,7597.0
1986,F,1,Institute of Technical Education,2638.0
1986,MF,1,Institute of Technical Education,8472.0
1987,F,1,Institute of Technical Education,2851.0
1987,MF,1,Institute of Technical Education,8797.0
1988,F,1,Institute of Technical Education,3276.0
1988,MF,1,Institute of Technical Education,9025.0
1989,F,1,Institute of Technical Education,2837.0
1989,MF,1,Institute of Technical Education,7532.0
1990,F,1,Institute of Technical Education,2889.0
1990,MF,1,Institute of Technical Education,7469.0
1991,F,1,Institute of Technical Education,2674.0
1991,MF,1,Institute of Technical Education,6966.0
1992,F,1,Institute of Technical Education,2736.0
1992,MF,1,Institute of Technical Education,6910.0
1993,F,1,Institute of Technical Education,2535.0
1993,MF,1,Institute of Technical Education,6889.0
1994,F,1,Institute of Technical Education,2301.0
1994,MF,1,Institute of Technical Education,6732.0
1995,F,1,Institute of Technical Education,1993.0
1995,MF,1,Institute of Technical Education,6082.0
1996,F,1,Institute of Technical Education,1547.0
1996,MF,1,Institute of Technical Education,4650.0
1997,F,1,Institute of Technical Education,1318.0
1997,MF,1,Institute of Technical Education,4073.0
1998,F,1,Institute of Technical Education,2375.0
1998,MF,1,Institute of Technical Education,5414.0
1999,F,1,Institute of Technical Education,2585.0
1999,MF,1,Institute of Technical Education,7718.0
2000,F,1,Institute of Technical Education,2429.0
2000,MF,1,Institute of Technical Education,7650.0
2001,F,1,Institute of Technical Education,2484.0
2001,MF,1,Institute of Technical Education,7208.0
2002,F,1,Institute of Technical Education,2499.0
2002,MF,1,Institute of Technical Education,7084.0
2003,F,1,Institute of Technical Education,2778.0
2003,MF,1,Institute of Technical Education,7741.0
2004,F,1,Institute of Technical Education,3057.0
2004,MF,1,Institute of Technical Education,8127.0
2005,F,1,Institute of Technical Education,3492.0
2005,MF,1,Institute of Technical Education,9059.0
2006,F,1,Institute of Technical Education,3724.0
2006,MF,1,Institute of Technical Education,10056.0
2007,F,1,Institute of Technical Education,4019.0
2007,MF,1,Institute of Technical Education,10479.0
2008,F,1,Institute of Technical Education,4059.0
2008,MF,1,Institute of Technical Education,10600.0
2009,F,1,Institute of Technical Education,4311.0
2009,MF,1,Institute of Technical Education,10999.0
2010,F,1,Institute of Technical Education,4488.0
2010,MF,1,Institute of Technical Education,11334.0
2011,F,1,Institute of Technical Education,4326.0
2011,MF,1,Institute of Technical Education,11165.0
2012,F,1,Institute of Technical Education,4425.0
2012,MF,1,Institute of Technical Education,11530.0
2013,F,1,Institute of Technical Education,4580.0
2013,MF,1,Institute of Technical Education,11888.0
2014,F,1,Institute of Technical Education,3883.0
2014,MF,1,Institute of Technical Education,11062.0
2015,F,1,Institute of Technical Education,5140.0
2015,MF,1,Institute of Technical Education,13351.0
2016,F,1,Institute of Technical Education,4863.0
2016,MF,1,Institute of Technical Education,12516.0
2017,F,1,Institute of Technical Education,4808.0
2017,MF,1,Institute of Technical Education,12858.0
2018,F,1,Institute of Technical Education,5026.0
2018,MF,1,Institute of Technical Education,13421.0
2019,F,1,Institute of Technical Education,4930.0
2019,MF,1,Institute of Technical Education,12595.0
2020,F,1,Institute of Technical Education,5027.0
2020,MF,1,Institute of Technical Education,13144.0
2021,F,1,Institute of Technical Education,5173.0
2021,MF,1,Institute of Technical Education,13224.0
2022,F,1,Institute of Technical Education,5206.0
2022,MF,1,Institute of Technical Education,13332.0
2023,F,1,Institute of Technical Education,4680.0
2023,MF,1,Institute of Technical Education,11049.0
2024,F,1,Institute of Technical Education,4970.0
2024,MF,1,Institute of Technical Education,12686.0
